Ministry,Department,URL,url_2,url_3,lookup_status,lookup_error
Minister of Health and Mass Media,Lanka Puwath Ltd,puwath.lk,soe.lk,companycheck.lk,ok,
Minister of Health and Mass Media,Medical Research Institute,mri.gov.lk,lankainformation.lk,sinhala.lankainformation.lk,ok,
Minister of Health and Mass Media,National Authority on Tobacco and Alcohol,nddcb.gov.lk,alcohol.lk,cct.lk,ok,
Minister of Health and Mass Media,National Health Council,nrc.gov.lk,health.gov.lk,ncmh.lk,ok,
Minister of Health and Mass Media,National Health Development Fund,parliament.lk,srilankalaw.lk,health.gov.lk,ok,
Minister of Health and Mass Media,National Institute of Health Sciences,elearn.health.gov.lk,sinhala.lankainformation.lk,,ok,
Minister of Health and Mass Media,"National Institute of Nephrology, Dialysis and Transplantation",nindt.health.gov.lk,lankainformation.lk,,ok,
Minister of Health and Mass Media,National Medicines Regulatory Authority,nmra.gov.lk,srilankalaw.lk,,ok,
Minister of Health and Mass Media,Postal Department,slpost.gov.lk,media.gov.lk,dev.slpost.lk,ok,
Minister of Health and Mass Media,Private Health Services Regulatory Council,phsrc.lk,health.gov.lk,healthdept.wp.gov.lk,ok,
Minister of Health and Mass Media,Right to Information Commission,rticommission.lk,rti.gov.lk,rtisrilanka.lk,ok,
Minister of Health and Mass Media,School of Medical Laboratory Technology,mri.gov.lk,coursenet.lk,ou.ac.lk,ok,
Minister of Health and Mass Media,Selacine Media Solutions (PVT) LTD,media.gov.lk,plusinfo.lk,island.lk,ok,
Minister of Health and Mass Media,Sri Jayewardenepura General Hospital,sjgh.health.gov.lk,parliament.lk,srilankalaw.lk,ok,
Minister of Health and Mass Media,Sri Lanka Ayurvedic Drugs Corporation,sladc.lk,soe.lk,rainbowpages.lk,ok,
Minister of Health and Mass Media,Sri Lanka Broadcasting Corporation,media.gov.lk,slbc.lk,sinhala.media.gov.lk,ok,
Minister of Health and Mass Media,Sri Lanka Foundation,slf.lk,fat.lk,,ok,
Minister of Health and Mass Media,Sri Lanka Institute of Printing,sliop.edu.lk,fat.lk,,ok,
Minister of Health and Mass Media,Sri Lanka Media Training Institute,slpi.lk,coursenet.lk,nibm.ac.lk,ok,
Minister of Health and Mass Media,Sri Lanka Medical College Council,slmc.gov.lk,cmcc.lk,mc.lk,ok,
Minister of Health and Mass Media,Sri Lanka Medical Council,slmc.gov.lk,mc.lk,,ok,
Minister of Health and Mass Media,Sri Lanka Nursing Council,slnc.lk,,,ok,
Minister of Health and Mass Media,Sri Lanka Press Council,media.gov.lk,slpc.lk,,ok,
Minister of Health and Mass Media,Sri Lanka Rupavahini Corporation,rupavahini.lk,media.gov.lk,tv.rupavahini.lk,ok,
Minister of Health and Mass Media,State Pharmaceutical Corporation,spc.lk,spmc.gov.lk,soe.lk,ok,
Minister of Health and Mass Media,State Pharmaceutical Manufacturing Corporation,spmc.gov.lk,spc.lk,soe.lk,ok,
Minister of Health and Mass Media,Vijaya Kumaratunga Memorial Hospital,health.gov.lk,parliament.lk,srilankalaw.lk,ok,
"Minister of Housing, Construction and Water Supply",Building Material Corporation Limited,rainbowpages.lk,soe.lk,auditorgeneral.gov.lk,ok,
"Minister of Housing, Construction and Water Supply",Construction Guarantee Fund,cgf.gov.lk,cgf.brama.lk,rainbowpages.lk,ok,
"Minister of Housing, Construction and Water Supply",Construction Industry Development Authority,cida.gov.lk,srilankalaw.lk,rainbowpages.lk,ok,
"Minister of Housing, Construction and Water Supply",Department of Buildings,buildings.gov.lk,lankainformation.lk,contacts.lk,ok,
"Minister of Housing, Construction and Water Supply",Department of Government Factories,govtfactory.gov.lk,sinhala.lankainformation.lk,,ok,
"Minister of Housing, Construction and Water Supply",Department of National Community Water Supply,dncws.lk,waterboard.lk,web.rwss.lk,ok,
"Minister of Housing, Construction and Water Supply",Engineering Council of Sri Lanka,ecsl.gov.lk,iiesl.lk,iesl.lk,ok,
"Minister of Housing, Construction and Water Supply",National Equipment and Machinery Organization,cabinetoffice.gov.lk,moudh.gov.lk,,ok,
"Minister of Housing, Construction and Water Supply",National Housing Development Authority,nhda.gov.lk,lankainformation.lk,uda.gov.lk,ok,
"Minister of Housing, Construction and Water Supply",National Water Supply and Drainage Board,waterboard.lk,nsdi.gov.lk,ten.lk,ok,
"Minister of Housing, Construction and Water Supply",Ocean View Development (Pvt) Ltd.,soe.lk,rainbowpages.lk,naosl.gov.lk,ok,
"Minister of Housing, Construction and Water Supply",State Engineering Corporation,secsl.gov.lk,soe.lk,ecsl.gov.lk,ok,
Minister of Industry and Entrepreneurship Development,BCC Lanka Limited,bcc.lk,parliament.lk,nationalchamber.lk,ok,
Minister of Industry and Entrepreneurship Development,Ceylon Ceramics Corporation (Brick and Tiles Division),parliament.lk,rainbowpages.lk,,ok,
Minister of Industry and Entrepreneurship Development,Ceylon Industrial Development Board,idb.gov.lk,industry.gov.lk,,ok,
Minister of Industry and Entrepreneurship Development,Department of Textile Industries,bizconnect.idb.gov.lk,moi.cp.gov.lk,parliament.lk,ok,
Minister of Industry and Entrepreneurship Development,GSMB Technical Services (Pvt) Ltd.,env.gov.lk,constructiondirectory.lk,,ok,
Minister of Industry and Entrepreneurship Development,Galoya Plantation (Pvt.) Company,galoya.lk,,,ok,
Minister of Industry and Entrepreneurship Development,Gem and Jewellery Research and Training Institute,gjrti.gov.lk,ngja.gov.lk,guidance.nie.ac.lk,ok,
Minister of Industry and Entrepreneurship Development,Geological Survey and Mines Bureau,gsmb.gov.lk,env.gov.lk,gazette.lk,ok,
Minister of Industry and Entrepreneurship Development,Hingurana Sugar Industry Ltd.,rainbowpages.lk,galoya.lk,,ok,
Minister of Industry and Entrepreneurship Development,Kahatagaha Graphite Lanka Ltd,soe.lk,kgraphite.lk,,ok,
Minister of Industry and Entrepreneurship Development,Kantale Sugar Company Ltd.,sundaytimes.lk,ceylontoday.lk,,ok,
Minister of Industry and Entrepreneurship Development,Lanka Cement Ltd,soe.lk,nationalchamber.lk,,ok,
Minister of Industry and Entrepreneurship Development,Lanka Leyland (Pvt) Ltd.,lal.lk,soe.lk,auditorgeneral.gov.lk,ok,
Minister of Industry and Entrepreneurship Development,Lanka Mineral Sands Company,lankainformation.lk,industry.gov.lk,soe.lk,ok,
Minister of Industry and Entrepreneurship Development,Lanka Phosphate Limited,lpl.lk,parliament.lk,treasury.gov.lk,ok,
Minister of Industry and Entrepreneurship Development,Lanka Salusala Ltd,soe.lk,auditorgeneral.gov.lk,rainbowpages.lk,ok,
Minister of Industry and Entrepreneurship Development,Lanka Sugar Company (Pvt.) Ltd.,lankasugar.lk,rainbowpages.lk,,ok,
Minister of Industry and Entrepreneurship Development,Lanka Textile Mills Emporium Ltd.,newasia.lk,,,ok,
Minister of Industry and Entrepreneurship Development,National Crafts Council,craftscouncil.gov.lk,industry.gov.lk,,ok,
Minister of Industry and Entrepreneurship Development,National Design Centre,slndc.gov.lk,,,ok,
Minister of Industry and Entrepreneurship Development,National Enterprise Development Authority,neda.gov.lk,industry.gov.lk,sundaytimes.lk,ok,
Minister of Industry and Entrepreneurship Development,National Gem and Jewellery Authority,ngja.gov.lk,govpay.lk,,ok,
Minister of Industry and Entrepreneurship Development,National Paper Corporation Ltd.,npc.lk,parliament.lk,cabinetoffice.gov.lk,ok,
Minister of Industry and Entrepreneurship Development,National Productivity Secretariat,productivity.lk,industry.gov.lk,cabinetoffice.gov.lk,ok,
Minister of Industry and Entrepreneurship Development,National Salt Limited,nationalsalt.lk,industry.gov.lk,lankasalt.lk,ok,
Minister of Industry and Entrepreneurship Development,Paranthan Chemicals Ltd,pccl.lk,industry.gov.lk,rainbowpages.lk,ok,
Minister of Industry and Entrepreneurship Development,Small Enterprise Development Division,industry.gov.lk,neda.gov.lk,sed.gov.lk,ok,
Minister of Industry and Entrepreneurship Development,Small and Medium Enterprises Authority,neda.gov.lk,industry.gov.lk,fccisl.lk,ok,
Minister of Industry and Entrepreneurship Development,Small and Medium Enterprises Venture Capital Company,ips.lk,,,ok,
Minister of Industry and Entrepreneurship Development,Sri Lanka Cement Corporation,rainbowpages.lk,ceylontoday.lk,auditorgeneral.gov.lk,ok,
Minister of Industry and Entrepreneurship Development,Sri Lanka Export Development Board,oman.embassy.gov.lk,exporter.edb.gov.lk,idb.gov.lk,ok,
Minister of Industry and Entrepreneurship Development,Sri Lanka Handicraft Board (Laksala),soe.lk,craftscouncil.gov.lk,rainbowpages.lk,ok,
Minister of Industry and Entrepreneurship Development,Sri Lanka Institute of Textile and Apparels,slita.lk,ou.ac.lk,parliament.lk,ok,
Minister of Industry and Entrepreneurship Development,Sugar Cane Research Institute,sugarres.lk,lankainformation.lk,sinhala.lankainformation.lk,ok,
Minister of Industry and Entrepreneurship Development,Timber-related Design Centre,science.sjp.ac.lk,sjp.ac.lk,timco.lk,ok,
Minister of Justice and National Integration,Attorney General's Department,attorneygeneral.gov.lk,parliament.lk,moj.gov.lk,ok,
Minister of Justice and National Integration,Commercial Mediation Centre of Sri Lanka,moj.gov.lk,srilankalaw.lk,cmac.lk,ok,
Minister of Justice and National Integration,Community Based Correction Department,moj.gov.lk,blog.govdoc.lk,parliament.lk,ok,
Minister of Justice and National Integration,Council of Legal Education,moj.gov.lk,sllc.ac.lk,srilankalaw.lk,ok,
Minister of Justice and National Integration,Department of Debt Conciliation Board,moj.gov.lk,srilankalaw.lk,parliament.lk,ok,
Minister of Justice and National Integration,Department of Government Analyst,analyst.gov.lk,moj.gov.lk,gazette.lk,ok,
Minister of Justice and National Integration,Department of Official Languages,moj.gov.lk,languagesdept.gov.lk,parliament.lk,ok,
Minister of Justice and National Integration,Department of Prisons,prisons.gov.lk,moj.gov.lk,visit.prisons.gov.lk,ok,
Minister of Justice and National Integration,Law Commission of Sri Lanka,lawcom.gov.lk,moj.gov.lk,srilankalaw.lk,ok,
Minister of Justice and National Integration,Legal Aid Commission of Sri Lanka,moj.gov.lk,parliament.lk,srilankalaw.lk,ok,
Minister of Justice and National Integration,Legal Draftsman's Department,ld.gov.lk,moj.gov.lk,governmentjob.lk,ok,
Minister of Justice and National Integration,Mediation Boards Commission,moj.gov.lk,mediation.gov.lk,srilankalaw.lk,ok,
Minister of Justice and National Integration,National Authority for the Protection of Victims of Crime and Witnesses,napvcw.gov.lk,moj.gov.lk,parliament.lk,ok,
Minister of Justice and National Integration,National Institute of Language Education and Training,moj.gov.lk,fat.lk,nilet.gov.lk,ok,
Minister of Justice and National Integration,Non Judicial Officers Training Institute,judgesinstitute.lk,moj.gov.lk,parliament.lk,ok,
Minister of Justice and National Integration,Office for National Unity and Reconciliation,onur.gov.lk,moj.gov.lk,srilankalaw.lk,ok,
Minister of Justice and National Integration,Office for Reparations,reparations.gov.lk,moj.gov.lk,srilankalaw.lk,ok,
Minister of Justice and National Integration,Office of the Registrar of the Supreme Court,moj.gov.lk,testing.sltdigitalweb.lk,supremecourt.lk,ok,
Minister of Justice and National Integration,Office on Missing Persons,omp.gov.lk,moj.gov.lk,applications.lk,ok,
Minister of Justice and National Integration,Official Languages Commission,moj.gov.lk,languagesdept.gov.lk,olc.gov.lk,ok,
Minister of Justice and National Integration,Sri Lanka Judges Institute,judgesinstitute.lk,lankainformation.lk,moj.gov.lk,ok,
Minister of Justice and National Integration,Superior Courts Complex Board of Management,srilankalaw.lk,moj.gov.lk,naosl.gov.lk,ok,
Minister of Justice and National Integration,Training Schools for Youthful Offenders,srilankalaw.lk,prisons.gov.lk,parliament.lk,ok,
Minister of Labour,Department of Labour,labourdept.gov.lk,labourmin.gov.lk,dme.lk,ok,
Minister of Labour,Department of Manpower and Employment,dme.lk,labourmin.gov.lk,labourdept.gov.lk,ok,
Minister of Labour,National Institute for Occupational Safety and Health,niosh.gov.lk,eohfs.health.gov.lk,,ok,
Minister of Labour,National Institute of Labour Studies,labourmin.gov.lk,nils.gov.lk,nils.lk,ok,
Minister of Labour,Office of the Commissioner of Workmen's Compensation,compensation.gov.lk,labourmin.gov.lk,myoffers.lk,ok,
Minister of Labour,Shrama Vasana Fund,svf.gov.lk,auditorgeneral.gov.lk,ft.lk,ok,
Minister of Plantation and Community Infrastructure,Chilaw Plantation Company Ltd,cpl.gov.lk,cesu.lk,soe.lk,ok,
Minister of Plantation and Community Infrastructure,Coconut Cultivation Board,marketplace.coconutsrilanka.lk,cda.gov.lk,cri.gov.lk,ok,
Minister of Plantation and Community Infrastructure,Coconut Development Authority,cda.gov.lk,ccb.lk,,ok,
Minister of Plantation and Community Infrastructure,Coconut Research Institute,cri.gov.lk,cda.gov.lk,parliament.lk,ok,
Minister of Plantation and Community Infrastructure,Department of Rubber Development,rubberdev.gov.lk,rrisl.gov.lk,lankainformation.lk,ok,
Minister of Plantation and Community Infrastructure,Elkaduwa Plantation Company Ltd.,elkaduwaplantations.lk,cesu.lk,plantation.gov.lk,ok,
Minister of Plantation and Community Infrastructure,Estate Sector Self-Employment Revolving Fund,etfb.lk,slbfe.lk,plantation.gov.lk,ok,
Minister of Plantation and Community Infrastructure,Janatha Estate Development Board,jedb.lk,cesu.lk,soe.lk,ok,
Minister of Plantation and Community Infrastructure,Kalubovitiyana Tea Factory Ltd.,kalubowitiyanatea.lk,cesu.lk,soe.lk,ok,
Minister of Plantation and Community Infrastructure,Kapruka Fund,srilankalaw.lk,iuris.lk,,ok,
Minister of Plantation and Community Infrastructure,Kithul Development Board,kdb.gov.lk,ft.lk,,ok,
Minister of Plantation and Community Infrastructure,Kurunegala Plantation Company Ltd.,kurunegalaplantations.lk,cesu.lk,soe.lk,ok,
Minister of Plantation and Community Infrastructure,National Institute of Plantation Management,nipm.gov.lk,srilankalaw.lk,job.govdoc.lk,ok,
Minister of Plantation and Community Infrastructure,New Villages Development Authority for Plantation Region,plantation.gov.lk,srilankalaw.lk,cabinetoffice.gov.lk,ok,
Minister of Plantation and Community Infrastructure,Palmyrah Development Board,pdb.gov.lk,plantation.gov.lk,doc.gov.lk,ok,
Minister of Plantation and Community Infrastructure,Plantation Human Development Trust,phdt.lk,ceylontoday.lk,,ok,
Minister of Plantation and Community Infrastructure,Rubber Research Institute,rrisl.gov.lk,parliament.lk,,ok,
Minister of Plantation and Community Infrastructure,Saumyamoorthi Thondaman Memorial Foundation,documents.gov.lk,parliament.lk,srilankalaw.lk,ok,
Minister of Plantation and Community Infrastructure,Spices and Allied Products Marketing Board,plantation.gov.lk,ft.lk,rainbowpages.lk,ok,
Minister of Plantation and Community Infrastructure,Sri Lanka Cashew Corporation,cashew.gov.lk,soe.lk,kaju.lk,ok,
Minister of Plantation and Community Infrastructure,Sri Lanka Rubber Manufacturing and Export Corporation,slamerp.lk,soe.lk,parliament.lk,ok,
Minister of Plantation and Community Infrastructure,Sri Lanka State Plantation Corporation,slspc.lk,treasury.gov.lk,parliament.lk,ok,
Minister of Plantation and Community Infrastructure,Sri Lanka Tea Board,srilankateaboard.lk,ceylontea.gov.lk,,ok,
Minister of Plantation and Community Infrastructure,Tea Research Institute,tri.lk,srilankateaboard.lk,cesu.lk,ok,
Minister of Plantation and Community Infrastructure,Tea Shakthi Fund,srilankalaw.lk,cesu.lk,,ok,
Minister of Plantation and Community Infrastructure,Tea Small Holdings Development Authority,plantation.gov.lk,srilankalaw.lk,,ok,
Minister of Plantation and Community Infrastructure,Tea and Rubber Estates (Control of Fragmentation) Board,plantation.gov.lk,srilankalaw.lk,cabinetoffice.gov.lk,ok,
Minister of Plantation and Community Infrastructure,Thurusaviya Fund,parliament.lk,srilankalaw.lk,gazette.lk,ok,
Minister of Ports and Civil Aviation,Airport and Aviation Services (Sri Lanka) Ltd.,airport.lk,soe.lk,caa.lk,ok,
Minister of Ports and Civil Aviation,Ceylon Shipping Corporation Ltd.,cscl.lk,nationalchamber.lk,,ok,
Minister of Ports and Civil Aviation,Civil Aviation Authority of Sri Lanka,caa.lk,transport.gov.lk,,ok,
Minister of Ports and Civil Aviation,Merchant Shipping Secretariat,dgshipping.gov.lk,,,ok,
Minister of Ports and Civil Aviation,Sri Lanka Ports Authority and its Subsidiaries and Associates,slpa.lk,soe.lk,,ok,
Minister of Ports and Civil Aviation,Sri Lankan Airlines and its subsidiaries ,treasury.gov.lk,,,ok,
"Minister of Public Administration, Provincial Councils and Local Government",All District Secretariats and Divisional Secretariats,induwara.lk,,,ok,
"Minister of Public Administration, Provincial Councils and Local Government",Department of Pensions,beijing.embassy.gov.lk,dialog.lk,service.pensions.gov.lk,ok,
"Minister of Public Administration, Provincial Councils and Local Government",Department of Registrar General,rgd.gov.lk,drc.gov.lk,drp.gov.lk,ok,
"Minister of Public Administration, Provincial Councils and Local Government",Distance Learning Centre Ltd.,studyway.lk,,,ok,
"Minister of Public Administration, Provincial Councils and Local Government",Local Government Service Pension Fund,auditorgeneral.gov.lk,service.pensions.gov.lk,gazette.lk,ok,
"Minister of Public Administration, Provincial Councils and Local Government",Local Government Widowers' and Orphans' Pension Fund,srilankalaw.lk,auditorgeneral.gov.lk,pubad.gov.lk,ok,
"Minister of Public Administration, Provincial Councils and Local Government",Local Government Widows' and Orphans' Pension Fund,srilankalaw.lk,,,ok,
"Minister of Public Administration, Provincial Councils and Local Government",Local Loans and Development Fund,lldf.gov.lk,parliament.lk,plusinfo.lk,ok,
"Minister of Public Administration, Provincial Councils and Local Government",National Human Resources Development Council of Sri Lanka,srilankalaw.lk,nhrdc.gov.lk,parliament.lk,ok,
"Minister of Public Administration, Provincial Councils and Local Government",Public Service Pensioners' Trust Fund,srilankalaw.lk,documents.gov.lk,,ok,
"Minister of Public Administration, Provincial Councils and Local Government",Sri Lanka Institute of Development Administration,slida.lk,npa.gov.lk,sinhala.lankainformation.lk,ok,
"Minister of Public Administration, Provincial Councils and Local Government",Sri Lanka Institute of Local Government,coursenet.lk,gov.lk,studyway.lk,ok,
Minister of Public Security and Parliamentary Affairs,Bureau of Rehabilitation,bor.gov.lk,moj.gov.lk,parliament.lk,ok,
Minister of Public Security and Parliamentary Affairs,Civil Security Department,lankainformation.lk,defence.lk,csd.lk,ok,
Minister of Public Security and Parliamentary Affairs,Department of Immigration and Emigration,immigration.gov.lk,gazette.lk,lankainformation.lk,ok,
Minister of Public Security and Parliamentary Affairs,National Dangerous Drugs Control Board,nddcb.gov.lk,parliament.lk,,ok,
Minister of Public Security and Parliamentary Affairs,National Police Academy,police.lk,npa.gov.lk,srilankalaw.lk,ok,
Minister of Public Security and Parliamentary Affairs,Sri Lanka Police,police.lk,gazette.lk,ezofz.web.lk,ok,
"Minister of Rural Development, Social Security and Community Empowerment",Department of Samurdhi Development,dsd.samurdhi.gov.lk,samurdhi.gov.lk,mrds.gov.lk,ok,
"Minister of Rural Development, Social Security and Community Empowerment",Department of Social Services,socialservices.gov.lk,ssd.wp.gov.lk,gov.lk,ok,
"Minister of Rural Development, Social Security and Community Empowerment",Kidney Fund,epf.lk,nspd.gov.lk,karuna.lk,ok,
"Minister of Rural Development, Social Security and Community Empowerment",National Council for Elders and National Secretariat for Elders,srilankaeldercare.gov.lk,mrds.gov.lk,srilankalaw.lk,ok,
"Minister of Rural Development, Social Security and Community Empowerment",National Council for Persons with Disabilities,nspd.gov.lk,mrds.gov.lk,ir.kdu.ac.lk,ok,
"Minister of Rural Development, Social Security and Community Empowerment",National Institute of Social Development,nisd.ac.lk,mrds.gov.lk,,ok,
"Minister of Rural Development, Social Security and Community Empowerment",National Secretariat for Non Governmental Organization,,,,error,No results found.
"Minister of Rural Development, Social Security and Community Empowerment",National Secretariat for Persons with Disabilities,mrds.gov.lk,nspd.gov.lk,socialservices.gov.lk,ok,
"Minister of Rural Development, Social Security and Community Empowerment",Partnership Secretariat for WFP Co-operation,mrds.gov.lk,,,ok,
"Minister of Rural Development, Social Security and Community Empowerment",Rural Development Training and Research Institute,rdtri.gov.lk,mrds.gov.lk,harti.gov.lk,ok,
"Minister of Rural Development, Social Security and Community Empowerment",Saubhagya Development Bureau,mrds.gov.lk,rdb.gov.lk,srisaubhagya.lk,ok,
"Minister of Rural Development, Social Security and Community Empowerment",Social Security Board,ssb.gov.lk,socialsecurity.lk,mrds.gov.lk,ok,
Minister of Science and Technology,Arthur C. Clarke Institute for Modern Technologies,accimt.ac.lk,most.gov.lk,,ok,
Minister of Science and Technology,Centre of Excellence for Robotic Applications,mode.gov.lk,iesl.lk,crd.lk,ok,
Minister of Science and Technology,Industrial Technology Institute,iti.lk,sinhala.lankainformation.lk,,ok,
Minister of Science and Technology,National Engineering Research And Development Centre,nerdc.lk,nirdc.gov.lk,,ok,
Minister of Science and Technology,National Innovation Agency,nia.gov.lk,parliament.lk,,ok,
Minister of Science and Technology,National Institute of Fundamental Studies,nifs.ac.lk,,,ok,
Minister of Science and Technology,National Research Council of Sri Lanka,nrc.gov.lk,plusinfo.lk,,ok,
Minister of Science and Technology,National Science Foundation,nsf.gov.lk,nsf.ac.lk,applications.lk,ok,
Minister of Science and Technology,National Science and Technology Commission,gazette.lk,most.gov.lk,nastec.gov.lk,ok,
Minister of Science and Technology,Planetarium of Sri Lanka,srilankayo.lk,sinhala.lankainformation.lk,,ok,
Minister of Science and Technology,Sri Lanka Atomic Energy Board,aeb.gov.lk,aeb.webs.lk,aerc.gov.lk,ok,
Minister of Science and Technology,Sri Lanka Atomic Energy Regulatory Council,aerc.gov.lk,srilankalaw.lk,aeb.gov.lk,ok,
Minister of Science and Technology,Sri Lanka Institute of Biotechnology (Pvt.) Ltd.,slibtec.gov.lk,myturn.edu.lk,lmd.lk,ok,
Minister of Science and Technology,Sri Lanka Institute of Nanotechnology (Pvt.) Ltd.,slintec.lk,,,ok,
Minister of Science and Technology,Sri Lanka Inventors Fund,slic.gov.lk,auditorgeneral.gov.lk,dailymirror.lk,ok,
Minister of Science and Technology,Sri Lanka Inventors' Commission,slic.gov.lk,,,ok,
Minister of Science and Technology,Sri Lanka Standards Institute,slsi.lk,mode.gov.lk,sinhala.lankainformation.lk,ok,
Minister of Science and Technology,Vidatha Centres,most.gov.lk,,,ok,
"Minister of Trade, Commerce, Food Security and Cooperative Development",Consumer Affairs Authority,caa.gov.lk,consumeraffairs.gov.lk,sinhala.lankainformation.lk,ok,
"Minister of Trade, Commerce, Food Security and Cooperative Development",Cooperative Employees Commission,cec.gov.lk,cp.gov.lk,cec.sp.gov.lk,ok,
"Minister of Trade, Commerce, Food Security and Cooperative Development",Cooperative Wholesale Establishment,srilankalaw.lk,lankainformation.lk,,ok,
"Minister of Trade, Commerce, Food Security and Cooperative Development",Department of Commerce,doc.gov.lk,trade.gov.lk,drc.gov.lk,ok,
"Minister of Trade, Commerce, Food Security and Cooperative Development",Department of Cooperative Development (Registrar of Cooperative Societies),coop.gov.lk,lankainformation.lk,,ok,
"Minister of Trade, Commerce, Food Security and Cooperative Development","Department of Measurement Units, Standards and Services",measurementsdept.gov.lk,lankainformation.lk,,ok,
"Minister of Trade, Commerce, Food Security and Cooperative Development",Department of the Registrar of Companies,drc.gov.lk,doc.gov.lk,sinhala.lankainformation.lk,ok,
"Minister of Trade, Commerce, Food Security and Cooperative Development",Food Commissioner's Department,phonebook.lk,eohfs.health.gov.lk,staging.gic.gov.lk,ok,
"Minister of Trade, Commerce, Food Security and Cooperative Development",Lanka Sathosa Ltd.,treasury.gov.lk,soe.lk,lankasathosa.lk,ok,
"Minister of Trade, Commerce, Food Security and Cooperative Development",Mahapola Trust Fund,sjp.ac.lk,welfare.jfn.ac.lk,profession.lk,ok,
"Minister of Trade, Commerce, Food Security and Cooperative Development",National Institute of Cooperative Development,nicd.edu.lk,coop.gov.lk,lankainformation.lk,ok,
"Minister of Trade, Commerce, Food Security and Cooperative Development",National Intellectual Property Office of Sri Lanka,nipo.gov.lk,lankainformation.lk,phonebook.lk,ok,
"Minister of Trade, Commerce, Food Security and Cooperative Development",Regional Economic Centres,ips.lk,,,ok,
"Minister of Trade, Commerce, Food Security and Cooperative Development",Sri Lanka Accreditation Board for Conformity Assessment,slab.lk,most.gov.lk,,ok,
"Minister of Trade, Commerce, Food Security and Cooperative Development",Sri Lanka State Trading (General) Corporation Ltd,stc.lk,treasury.gov.lk,,ok,
"Minister of Trade, Commerce, Food Security and Cooperative Development",Sri Lanka Thriposha Co. Ltd.,thriposha.lk,newswire.lk,auditorgeneral.gov.lk,ok,
"Minister of Trade, Commerce, Food Security and Cooperative Development",State Trading Co-operative Wholesale Co. Ltd,stc.lk,rainbowpages.lk,soe.lk,ok,
"Minister of Transport, Highways and Urban Development",Condominium Management Authority (Common Amenities Board),condominium.lk,srilankalaw.lk,,ok,
"Minister of Transport, Highways and Urban Development",Department of Motor Traffic,dmt.gov.lk,eservices.motortraffic.gov.lk,dmtappointments.dmt.gov.lk,ok,
"Minister of Transport, Highways and Urban Development",Department of Sri Lanka Railways,railway.gov.lk,transport.gov.lk,sinhala.lankainformation.lk,ok,
"Minister of Transport, Highways and Urban Development",Lakdiva Engineering (Pvt) Ltd,transport.gov.lk,parliament.lk,lankainformation.lk,ok,
"Minister of Transport, Highways and Urban Development",Maga Neguma,adaderana.lk,skillsinternational.lk,sundaytimes.lk,ok,
"Minister of Transport, Highways and Urban Development",National Council for Road Safety,roadsafety.gov.lk,transport.gov.lk,,ok,
"Minister of Transport, Highways and Urban Development",National Physical Planning Department,nsdi.gov.lk,nppd.gov.lk,npd.treasury.gov.lk,ok,
"Minister of Transport, Highways and Urban Development",National Transport Commission,transport.gov.lk,entc.gov.lk,ntc.gov.lk,ok,
"Minister of Transport, Highways and Urban Development",National Transport Medical Institute,ntmi.lk,transport.gov.lk,,ok,
"Minister of Transport, Highways and Urban Development",Road Development Authority and its subsidiaries and affiliates,rda.gov.lk,rdahiniduma.lk,nsdi.gov.lk,ok,
"Minister of Transport, Highways and Urban Development",Sahasya Investment Ltd.,english.newsfirst.lk,newswire.lk,ft.lk,ok,
"Minister of Transport, Highways and Urban Development",Selendiva Investments Limited,counterpoint.lk,dailymirror.lk,themorning.lk,ok,
"Minister of Transport, Highways and Urban Development",Sri Lanka Land Development Corporation and its subsidiaries and related institutions,cida.gov.lk,auditorgeneral.gov.lk,job.govdoc.lk,ok,
"Minister of Transport, Highways and Urban Development",Sri Lanka Transport Board,sltb.lk,transport.gov.lk,sltb.eseat.lk,ok,
"Minister of Transport, Highways and Urban Development",State Development and Construction Corporation,soe.lk,sdcc.lk,treasury.gov.lk,ok,
"Minister of Transport, Highways and Urban Development",Urban Development Authority,uda.gov.lk,nsdi.gov.lk,motherlanka.uda.lk,ok,
"Minister of Transport, Highways and Urban Development",Urban Settlement Development Authority,usda.gov.lk,uda.gov.lk,nsdi.gov.lk,ok,
Minister of Women and Child Affairs,Department of Probation and Childcare Services,childwomenmin.gov.lk,probation.gov.lk,cp.gov.lk,ok,
Minister of Women and Child Affairs,National Child Protection Authority,childprotection.gov.lk,childwomenmin.gov.lk,sinhala.lankainformation.lk,ok,
Minister of Women and Child Affairs,National Committee on Women,childwomenmin.gov.lk,adaderana.lk,sundaytimes.lk,ok,
Minister of Women and Child Affairs,National Secretariat for Early Childhood Development,childwomenmin.gov.lk,eccd.lk,,ok,
Minister of Women and Child Affairs,Protection of Children-National Trust Fund,auditorgeneral.gov.lk,childprotection.gov.lk,protectionofchildren-nationaltrustfund.gov.lk,ok,
Minister of Women and Child Affairs,Sri Lanka Women's Bureau,childwomenmin.gov.lk,lankawomenemarket.gov.lk,police.lk,ok,
Minister of Youth Affairs and Sports,Department of Sports Development,mms.dosd.gov.lk,moys.gov.lk,cp.gov.lk,ok,
Minister of Youth Affairs and Sports,Institute of Sports Medicine,moys.gov.lk,health.gov.lk,doc.lk,ok,
Minister of Youth Affairs and Sports,National Centre for Leadership Development,ncld.gov.lk,,,ok,
Minister of Youth Affairs and Sports,National Institute of Sports Science,plusinfo.lk,coursenet.lk,ss.kln.ac.lk,ok,
Minister of Youth Affairs and Sports,National Sports Council,slsports.lk,moys.gov.lk,,ok,
Minister of Youth Affairs and Sports,National Youth Corps,youthcorps.lk,nysc.lk,studyway.lk,ok,
Minister of Youth Affairs and Sports,National Youth Services Council,nysc.lk,coursenet.lk,gazette.lk,ok,
Minister of Youth Affairs and Sports,National Youths Services Cooperative Society Limited,nysc.lk,sche.edu.lk,,ok,
Minister of Youth Affairs and Sports,Sri Lanka Anti-doping Agency,slada.lk,parliament.lk,soe.lk,ok,
Minister of Youth Affairs and Sports,Sugathadasa National Sports Complex Authority,srilankalaw.lk,snsca.gov.lk,,ok,
